Name,URL
شخصي,https://bankofjordan.com/ar
أعمال,https://bankofjordan.com/ar/business
English,https://bankofjordan.com/en
الأردن,https://bankofjordan.com/
بنك الأردن فلسطين,https://bankofjordan.com.ps/
بنك الأردن البحرين,https://bankofjordan.com.bh/
بنك الأردن سوريا,https://bankofjordansyria.com/
بنك الأردن العراق,https://www.bankofjordan.com.iq/ 
,https://bankofjordan.com/
شخصي,https://bankofjordan.com/ar
أعمال,https://bankofjordan.com/ar/business
عن بنك الاردن,https://bankofjordan.com/ar/boj-rooted-in-growth
وظائف,https://apply.workable.com/bank-of-jordan/
الرسوم والعمولات,https://bankofjordan.com/ar/products-services-tariff
English,https://bankofjordan.com/en
الأردن,https://bankofjordan.com/
بنك الأردن فلسطين,https://bankofjordan.com.ps/
بنك الأردن البحرين,https://bankofjordan.com.bh/
بنك الأردن سوريا,https://bankofjordansyria.com/
بنك الأردن العراق,https://www.bankofjordan.com.iq/ 
,https://bankofjordan.com/
,https://bankofjordan.com/ar/schedule-meeting
,https://bankofjordan.com/ar/loan-calculator
,https://bankofjordan.com/ar/branches
,https://bankofjordan.com/ar/iban-generator
,https://bankofjordan.com/
بحث...,https://bankofjordan.com/#search
,https://bankofjordan.com/ar
الحساباتالتعاملات اليومية,https://bankofjordan.com/ar/accounts
,https://bankofjordan.com/
الحساب الجاري و الرواتب,https://bankofjordan.com/ar/accounts/current-account
الحساب الجاري,https://bankofjordan.com/ar/accounts/current-account
حساب الرواتب,https://bankofjordan.com/ar/accounts/salary-account
حسابات التوفير,https://bankofjordan.com/ar/accounts/savings-account
حساب التوفير الرئيسي,https://bankofjordan.com/ar/accounts/savings-account
حساب سنابل للأطفال,https://bankofjordan.com/ar/programs/sanabel
حساب Smart Saver,https://bankofjordan.com/ar/accounts/smart-saver-account
حسابات الودائع,https://bankofjordan.com/ar/accounts/time-deposite
ودائع لأجل,https://bankofjordan.com/ar/accounts/time-deposite
شهادات الإيداع,https://bankofjordan.com/ar/accounts/certificates-of-deposit
المساعدة و الدعم,https://bankofjordan.com/
تطبيق BOJ Mobile,https://bankofjordan.com/ar/digital-banking/download-boj-mobile
طرق التعامل,https://bankofjordan.com/digital-banking?language=ar
اقتراحات وشكاوى العملاء,https://bankofjordan.com/ar/complaints-2
اتصل بنا,https://bankofjordan.com/ar/contact-info
روابط مهمة,https://bankofjordan.com/
فتح حساب,https://bankofjordan.com/ar/digital-banking/download-boj-mobile
الآيبان,https://bankofjordan.com/ar/iban-generator
منحنى العائد الخاص ببنك الأردن,https://bankofjordan.com/ar/bank-of-jordan-yield-curve
دليل تعرفة الخدمات والمنتجات,https://bankofjordan.com/ar/products-services-tariff
القروضإجراءات سريعة,https://bankofjordan.com/ar/loans
,https://bankofjordan.com/
القروض الشخصية,https://bankofjordan.com/ar/loans/personal
القرض الشخصي للرواتب المحولة,https://bankofjordan.com/ar/loans/personal#nav-0
القرض الشخصي مقابل رهن عقار,https://bankofjordan.com/ar/loans/personal#nav-1
الأطباء أصحاب العيادات,https://bankofjordan.com/ar/loans/personal#nav-2
أصحاب المهن الحرة,https://bankofjordan.com/ar/loans/personal#nav-3
الراتب الدوار,https://bankofjordan.com/ar/loans/overdraft-retail
شراء القروض,https://bankofjordan.com/ar/webforms/Personal Loan
زيادة سقف القرض,https://bankofjordan.com/ar/webforms/Personal Loan
القروض السكنية,https://bankofjordan.com/ar/loans/housing-2
برنامج بيتنا للقروض السكنية,https://bankofjordan.com/ar/loans/housing-2#nav-0
برنامج 40/60,https://bankofjordan.com/ar/loans/housing-2#nav-1
شراء القروض,https://bankofjordan.com/ar/webforms/Mortgage Loan
قروض السيارات,https://bankofjordan.com/ar/loans/auto-loans
البرنامج العام,https://bankofjordan.com/ar/loans/auto-loans#nav-0
برنامج 85/15,https://bankofjordan.com/ar/loans/auto-loans#nav-1
برنامج 50/50,https://bankofjordan.com/ar/loans/auto-loans#nav-2
المساعدة و الدعم,https://bankofjordan.com/
تطبيق BOJ Mobile,https://bankofjordan.com/ar/digital-banking/download-boj-mobile
طرق التعامل,https://bankofjordan.com/digital-banking?language=ar
اقتراحات وشكاوى العملاء,https://bankofjordan.com/ar/complaints-2
اتصل بنا,https://bankofjordan.com/ar/contact-info
روابط مهمة,https://bankofjordan.com/
فتح حساب,https://bankofjordan.com/ar/digital-banking/download-boj-mobile
الآيبان,https://bankofjordan.com/ar/iban-generator
منحنى العائد الخاص ببنك الأردن,https://bankofjordan.com/ar/bank-of-jordan-yield-curve
دليل تعرفة الخدمات والمنتجات,https://bankofjordan.com/ar/products-services-tariff
البطاقات و الدفع الرقميخيارات واسعة,https://bankofjordan.com/ar/cards
,https://bankofjordan.com/
البطاقات الائتمانية,https://bankofjordan.com/ar/cards/credit-cards
بطاقة وورلد ماستركارد,https://bankofjordan.com/ar/cards/wmc
بطاقة فيزا البلاتينية,https://bankofjordan.com/ar/cards/visa-platinum
بطاقة فيزا الذهبية,https://bankofjordan.com/ar/cards/visa-gold
بطاقة فيزا كلاسيك,https://bankofjordan.com/ar/cards/visa-silver
بطاقات الدفع المباشر,https://bankofjordan.com/ar/cards/debit-cards
بطاقة ماستركارد الوسام المميز,https://bankofjordan.com/ar/cards/WM-Debit-Card
بطاقة ماستركارد المميز,https://bankofjordan.com/ar/cards/M-Debit-Card
بطاقة ماستركارد XCEED للشباب,https://bankofjordan.com/ar/cards/youth-program-debit-card
بطاقة ماستركارد للدفع المباشر,https://bankofjordan.com/ar/cards/debit-card
البطاقات المدفوعة مسبقا,https://bankofjordan.com/ar/cards/prepaid
بطاقة ماستركارد (الافتراضية) المدفوعة مسبقا,https://bankofjordan.com/ar/cards/virtual-multi-currency-prepaid-card
الإسوارة الذكية,https://bankofjordan.com/ar/cards/wpay-bracelet
الدفع الرقمي,https://bankofjordan.com/ar/cards/contactless
Apple Pay,https://bankofjordan.com/ar/cards/apple-pay
BOJ Pay,https://bankofjordan.com/ar/cards/boj-pay
CliQ,https://bankofjordan.com/ar/cards/cliq
خدمة القيد المدين المباشر,https://bankofjordan.com/ar/cards/ach-direct-debit
برنامج الخصومات,https://bankofjordan.com/ar/loyalty/discounts
برنامج أقساطي,https://bankofjordan.com/ar/loyalty/aqsati
القرض الفوري,https://bankofjordan.com/ar/loyalty/instant-loan
استبدال النقاط الفوري,https://bankofjordan.com/ar/loyalty/points
مقارنة البطاقات,https://bankofjordan.com/ar/cards/credit-cards
محددات الاستخدام على البطاقات,https://bankofjordan.com/ar/cards/cards-usage-parameters
3D Secured,https://bankofjordan.com/ar/cards/card-security
المساعدة و الدعم,https://bankofjordan.com/
تطبيق BOJ Mobile,https://bankofjordan.com/ar/digital-banking/download-boj-mobile
طرق التعامل,https://bankofjordan.com/digital-banking?language=ar
اقتراحات وشكاوى العملاء,https://bankofjordan.com/ar/complaints-2
اتصل بنا,https://bankofjordan.com/ar/contact-info
روابط مهمة,https://bankofjordan.com/
فتح حساب,https://bankofjordan.com/ar/digital-banking/download-boj-mobile
الآيبان,https://bankofjordan.com/ar/iban-generator
منحنى العائد الخاص ببنك الأردن,https://bankofjordan.com/ar/bank-of-jordan-yield-curve
دليل تعرفة الخدمات والمنتجات,https://bankofjordan.com/ar/products-services-tariff
البرامجمصممة لك,https://bankofjordan.com/ar/programs
,https://bankofjordan.com/
الشرائح,https://bankofjordan.com/
الوسام المميز,https://bankofjordan.com/ar/programs/mumayaz
المميز,https://bankofjordan.com/ar/programs/almumayaz
"برنامج "" XCEED""  للشباب",https://bankofjordan.com/ar/programs/xceed-program
حساب سنابل للأطفال,https://bankofjordan.com/ar/programs/sanabel
صناديق الأمانات الحديدية,https://bankofjordan.com/ar/programs/safe-deposit-boxes
المساعدة و الدعم,https://bankofjordan.com/
تطبيق BOJ Mobile,https://bankofjordan.com/ar/digital-banking/download-boj-mobile
طرق التعامل,https://bankofjordan.com/digital-banking?language=ar
اقتراحات وشكاوى العملاء,https://bankofjordan.com/ar/complaints-2
اتصل بنا,https://bankofjordan.com/ar/contact-info
روابط مهمة,https://bankofjordan.com/
فتح حساب,https://bankofjordan.com/ar/digital-banking/download-boj-mobile
الآيبان,https://bankofjordan.com/ar/iban-generator
منحنى العائد الخاص ببنك الأردن,https://bankofjordan.com/ar/bank-of-jordan-yield-curve
دليل تعرفة الخدمات والمنتجات,https://bankofjordan.com/ar/products-services-tariff
الخدمات الرقميةالخدمات المصرفية أينما كنت,https://bankofjordan.com/ar/digital-banking
,https://bankofjordan.com/
الخدمات الإلكترونية,https://bankofjordan.com/ar/digital-banking
تطبيق BOJ Mobile,https://bankofjordan.com/ar/digital-banking/download-boj-mobile
خدمة الرسائل القصيرة SMS,https://bankofjordan.com/ar/digital-banking/short-messaging-service-sms
خدمة اي فواتيركم,https://bankofjordan.com/ar/digital-banking/e-fawateercom
طرق التعامل,https://bankofjordan.com/ar/digital-banking
الفروع والصرافات الآلية,https://bankofjordan.com/branches?language=ar
خدمات الصراف الآلي,https://bankofjordan.com/ar/digital-banking/atm
خدمات الصراف الآلي التفاعلي,https://bankofjordan.com/ar/digital-banking/interactive-teller-machine-itm
مركز الخدمة الهاتفية والبنك الناطق,https://bankofjordan.com/ar/digital-banking/call-center-and-phone-banking
اوقات الدوام,https://bankofjordan.com/ar/digital-banking/working-hours
خدمات الاتصال المرئيه,https://bankofjordan.com/ar/digital-banking
فتح حساب بنكي من خلال مكالمةZoom,https://bankofjordan.com/ar/digital-banking/zoom-terms-conditions
الخدمات المصرفية عبر ZOOM,https://bankofjordan.com/ar/digital-banking/zoom-services
المساعدة و الدعم,https://bankofjordan.com/
تطبيق BOJ Mobile,https://bankofjordan.com/ar/digital-banking/download-boj-mobile
طرق التعامل,https://bankofjordan.com/digital-banking?language=ar
اقتراحات وشكاوى العملاء,https://bankofjordan.com/ar/complaints-2
اتصل بنا,https://bankofjordan.com/ar/contact-info
روابط مهمة,https://bankofjordan.com/
فتح حساب,https://bankofjordan.com/ar/digital-banking/download-boj-mobile
الآيبان,https://bankofjordan.com/ar/iban-generator
منحنى العائد الخاص ببنك الأردن,https://bankofjordan.com/ar/bank-of-jordan-yield-curve
دليل تعرفة الخدمات والمنتجات,https://bankofjordan.com/ar/products-services-tariff
الولاءمكافآت لا تنتهي,https://bankofjordan.com/ar/loyalty
,https://bankofjordan.com/
برنامج الخصومات,https://bankofjordan.com/ar/loyalty/discounts
برنامج أقساطي,https://bankofjordan.com/ar/loyalty/aqsati
استبدال النقاط الفوري,https://bankofjordan.com/ar/loyalty/points
المساعدة و الدعم,https://bankofjordan.com/
تطبيق BOJ Mobile,https://bankofjordan.com/ar/digital-banking/download-boj-mobile
طرق التعامل,https://bankofjordan.com/digital-banking?language=ar
اقتراحات وشكاوى العملاء,https://bankofjordan.com/ar/complaints-2
اتصل بنا,https://bankofjordan.com/ar/contact-info
روابط مهمة,https://bankofjordan.com/
فتح حساب,https://bankofjordan.com/ar/digital-banking/download-boj-mobile
الآيبان,https://bankofjordan.com/ar/iban-generator
منحنى العائد الخاص ببنك الأردن,https://bankofjordan.com/ar/bank-of-jordan-yield-curve
دليل تعرفة الخدمات والمنتجات,https://bankofjordan.com/ar/products-services-tariff
عن بنك الاردن,https://bankofjordan.com/ar/boj-rooted-in-growth
وظائف,https://apply.workable.com/bank-of-jordan/
الرسوم والعمولات,https://bankofjordan.com/ar/products-services-tariff
فتح حساب,https://bankofjordan.com/ar/schedule-meeting
حاسبة القروض,https://bankofjordan.com/ar/loan-calculator
الفروع والصرافات,https://bankofjordan.com/ar/branches
الايبان,https://bankofjordan.com/ar/iban-generator
حمّل التطبيق,https://bankofjordan.com/ar/digital-banking/download-boj-mobile
اعرف المزيد,https://bankofjordan.com/ar/opening-a-bank-account-has-never-been-easier
القرض السكني,https://bankofjordan.com/ar/loans/housing-2
بطاقة وورلد ماستر كارد,https://bankofjordan.com/ar/cards/wmc
,https://bankofjordan.com/ar/accounts
الحسابات,https://bankofjordan.com/ar/accounts
تقدم بطلبك الآن,https://bankofjordan.com/ar/digital-banking/download-boj-mobile
اعرف أكثر,https://bankofjordan.com/ar/accounts
,https://bankofjordan.com/ar/cards
البطاقات,https://bankofjordan.com/ar/cards
تقدم بطلبك الآن,https://bankofjordan.com/ar/webforms/Cards
اعرف أكثر,https://bankofjordan.com/ar/cards
,https://bankofjordan.com/ar/loans/housing-2
القرض السكني,https://bankofjordan.com/ar/loans/housing-2
تقدم بطلبك الآن,https://bankofjordan.com/ar/webforms/Mortgage Loan
اعرف أكثر,https://bankofjordan.com/ar/loans/housing-2
,https://www.dic.gov.jo/Default/Ar
مؤسسة ضمان الودائع,https://www.dic.gov.jo/Default/Ar
اعرف أكثر,https://www.dic.gov.jo/Default/Ar
,https://bankofjordan.com/ar/loans/auto-loans
قرض السيارة,https://bankofjordan.com/ar/loans/auto-loans
تقدم بطلبك الآن,https://bankofjordan.com/ar/webforms/Car Loan
اعرف أكثر,https://bankofjordan.com/ar/loans/auto-loans
,https://bankofjordan.com/ar/loans/personal
القرض الشخصي,https://bankofjordan.com/ar/loans/personal
تقدم بطلبك الآن,https://bankofjordan.com/ar/webforms/Personal Loan
اعرف أكثر,https://bankofjordan.com/ar/loans/personal
حلول مصرفية ذكية تلبي احتياجتكحلول مصرفية ذكية تلبي احتياجتك,https://bankofjordan.com/ar/digital-banking/download-boj-mobile
,https://play.google.com/store/apps/details?id=com.bankofjordan.mobileapp&hl=en
,https://apps.apple.com/jo/app/boj-mobile-%D8%A8%D9%86%D9%83-%D8%A7%D9%84%D8%A3%D8%B1%D8%AF%D9%86/id1403342029
,https://bankofjordan.com/ar/programs/sanabel
حساب سنابل للاطفال,https://bankofjordan.com/ar/programs/sanabel
اعرف أكثر,https://bankofjordan.com/ar/programs/sanabel
,https://bankofjordan.com/ar/schedule-meeting
,https://bankofjordan.com/ar/loan-calculator
,https://bankofjordan.com/ar/branches
,https://bankofjordan.com/ar/iban-generator
عن بنك الاردن,https://bankofjordan.com/ar/boj-rooted-in-growth
تواصل مع بنك الاردن,https://bankofjordan.com/ar/contact-info
ابحث عن بنك الاردن,https://bankofjordan.com/ar/branches
,https://www.facebook.com/BankOfJordanOfficial/
,https://www.linkedin.com/company/bank-of-jordan/
,https://www.youtube.com/user/BankofJordanOfficial
,https://www.instagram.com/bankofjordan
بنك الاردن فلسطين,https://www.bankofjordan.com.ps/
بنك الاردن البحرين,https://bankofjordan.com.bh/en
بنك الأردن سورية,http://www.bankofjordansyria.com 
بنك الاردن العراق,https://www.bankofjordan.com.iq/ 
التأجير التمويلي,http://www.jordanleasing.com.jo/
شركة تفوّق للاستثمارات المالية,https://excelinvest.jo/
علاقات المستثمرين,https://bankofjordan.com/ar/investor-relation
أخبار,https://bankofjordan.com/ar/news
عن بنك الأردن,https://bankofjordan.com/ar/boj-rooted-in-growth
التقرير السنوي,https://bankofjordan.com/ar/reports/AnnualReports
تقرير الاستدامة,https://bankofjordan.com/ar/reports/SustainabilityReports 
المسؤولية المجتمعية,https://bankofjordan.com/ar/about-boj-csr
الحوكمة المؤسسية,https://bankofjordan.com/ar/corporate-governance-2
وثائق الامتثال,https://bankofjordan.com/ar/anti-money-laundering-program-certification
سياسة أمن المعلومات,https://bankofjordan.com/ar/information-security
اقتراحات وشكاوى العملاء,https://bankofjordan.com/ar/complaints-2
بلاغ الإنذار المبكر,https://bankofjordan.com/ar/whistleblower
منحنى العائد الخاص ببنك الأردن,https://bankofjordan.com/ar/bank-of-jordan-yield-curve
سياسة الخصوصية,https://bankofjordan.com/ar/privacy-policy
ملفات تعريف الارتباط,https://bankofjordan.com/ar/cookie-policy
عـقـارات للـبـيـع,https://gis.bankofjordan.com.jo/bankofjordan/
اتحاد المصارف العربية,https://bankofjordan.com/ar/important-links
البنك المركزي الأردني,https://www.cbj.gov.jo/
جمعية البنوك في الأردن,http://www.abj.org.jo/
ترويج الوعي المالي,https://finapp.jo/
بورصة عمان,https://www.ase.com.jo/ar
المؤسسة العامة للضمان الاجتماعي,https://www.ssc.gov.jo/english/
برنامج مهنتي (Internship),https://bankofjordan.com/ar/mihnati-program
Footer Menu,https://bankofjordan.com/#collapseThree
بنك الاردن فلسطين,https://www.bankofjordan.com.ps/
بنك الاردن البحرين,https://bankofjordan.com.bh/en
بنك الأردن سورية,http://www.bankofjordansyria.com 
بنك الاردن العراق,https://www.bankofjordan.com.iq/ 
التأجير التمويلي,http://www.jordanleasing.com.jo/
شركة تفوّق للاستثمارات المالية,https://excelinvest.jo/
علاقات المستثمرين,https://bankofjordan.com/ar/investor-relation
أخبار,https://bankofjordan.com/ar/news
عن بنك الأردن,https://bankofjordan.com/ar/boj-rooted-in-growth
التقرير السنوي,https://bankofjordan.com/ar/reports/AnnualReports
تقرير الاستدامة,https://bankofjordan.com/ar/reports/SustainabilityReports 
المسؤولية المجتمعية,https://bankofjordan.com/ar/about-boj-csr
الحوكمة المؤسسية,https://bankofjordan.com/ar/corporate-governance-2
وثائق الامتثال,https://bankofjordan.com/ar/anti-money-laundering-program-certification
سياسة أمن المعلومات,https://bankofjordan.com/ar/information-security
اقتراحات وشكاوى العملاء,https://bankofjordan.com/ar/complaints-2
بلاغ الإنذار المبكر,https://bankofjordan.com/ar/whistleblower
منحنى العائد الخاص ببنك الأردن,https://bankofjordan.com/ar/bank-of-jordan-yield-curve
سياسة الخصوصية,https://bankofjordan.com/ar/privacy-policy
ملفات تعريف الارتباط,https://bankofjordan.com/ar/cookie-policy
عـقـارات للـبـيـع,https://gis.bankofjordan.com.jo/bankofjordan/
اتحاد المصارف العربية,https://bankofjordan.com/ar/important-links
البنك المركزي الأردني,https://www.cbj.gov.jo/
جمعية البنوك في الأردن,http://www.abj.org.jo/
ترويج الوعي المالي,https://finapp.jo/
بورصة عمان,https://www.ase.com.jo/ar
المؤسسة العامة للضمان الاجتماعي,https://www.ssc.gov.jo/english/
برنامج مهنتي (Internship),https://bankofjordan.com/ar/mihnati-program
سياسة الخصوصية,https://bankofjordan.com/ar/privacy-policy
ملفات تعريف الارتباط,https://bankofjordan.com/ar/cookie-policy
